date,feedback
2025-05-29,It was okay.
2025-06-30,It was okay.
2025-06-09,I love this product!
2025-06-23,Nothing special.
2025-05-24,I love this product!
2025-06-15,Bad experience overall.
2025-06-29,Neither good nor bad.
2025-06-23,It was okay.
2025-05-28,Excellent customer service.
2025-05-28,Excellent customer service.
2025-05-09,The quality was poor.
2025-07-07,The quality was poor.
2025-06-05,Terrible service.
2025-07-06,Very happy with the purchase.
2025-05-27,"Fine, but not impressive."
2025-07-03,Fast delivery and great quality.
2025-06-25,"Fine, but not impressive."
2025-07-07,"Fine, but not impressive."
2025-06-14,"Fine, but not impressive."
2025-06-09,Very happy with the purchase.
